,ESTADO,ANIO,POBLACION
0,AGUASCALIENTES,2020,1456050
1,BAJA CALIFORNIA,2020,3838619
2,BAJA CALIFORNIA SUR,2020,815098
3,CAMPECHE,2020,939179
4,CHIAPAS,2020,5715260
5,CHIHUAHUA,2020,3812627
6,COAHUILA,2020,3197122
7,COLIMA,2020,745122
8,DISTRITO FEDERAL,2020,9332593
9,DURANGO,2020,1858155
10,GUANAJUATO,2020,6265796
11,GUERRERO,2020,3599955
12,HIDALGO,2020,3130166
13,JALISCO,2020,8507662
14,MEXICO,2020,17236788
15,MICHOACAN,2020,4830267
16,MORELOS,2020,2002754
17,NAYARIT,2020,1252690
18,NUEVO LEON,2020,5905971
19,OAXACA,2020,4204445
20,PUEBLA,2020,6705217
21,QUERETARO,2020,2419819
22,QUINTANA ROO,2020,1898241
23,SAN LUIS POTOSI,2020,2871697
24,SINALOA,2020,3079773
25,SONORA,2020,3002286
26,TABASCO,2020,2440449
27,TAMAULIPAS,2020,3595971
28,TLAXCALA,2020,1369950
29,VERACRUZ,2020,8169287
30,YUCATAN,2020,2363123
31,ZACATECAS,2020,1647038
32,AGUASCALIENTES,2021,1472645
33,BAJA CALIFORNIA,2021,3889925
34,BAJA CALIFORNIA SUR,2021,831832
35,CAMPECHE,2021,941684
36,CHIAPAS,2021,5785553
37,CHIHUAHUA,2021,3851891
38,COAHUILA,2021,3232850
39,COLIMA,2021,748315
40,DISTRITO FEDERAL,2021,9272649
41,DURANGO,2021,1870186
42,GUANAJUATO,2021,6308964
43,GUERRERO,2021,3598332
44,HIDALGO,2021,3157947
45,JALISCO,2021,8573447
46,MEXICO,2021,17291050
47,MICHOACAN,2021,4862597
48,MORELOS,2021,2008274
49,NAYARIT,2021,1264932
50,NUEVO LEON,2021,5996906
51,OAXACA,2021,4221338
52,PUEBLA,2021,6758650
53,QUERETARO,2021,2462684
54,QUINTANA ROO,2021,1936713
55,SAN LUIS POTOSI,2021,2885794
56,SINALOA,2021,3096923
57,SONORA,2021,3024147
58,TABASCO,2021,2441753
59,TAMAULIPAS,2021,3621934
60,TLAXCALA,2021,1380635
61,VERACRUZ,2021,8146184
62,YUCATAN,2021,2390802
63,ZACATECAS,2021,1655403
64,AGUASCALIENTES,2022,1491126
65,BAJA CALIFORNIA,2022,3948201
66,BAJA CALIFORNIA SUR,2022,849224
67,CAMPECHE,2022,945445
68,CHIAPAS,2022,5862882
69,CHIHUAHUA,2022,3898274
70,COAHUILA,2022,3273658
71,COLIMA,2022,752247
72,DISTRITO FEDERAL,2022,9237644
73,DURANGO,2022,1884286
74,GUANAJUATO,2022,6360814
75,GUERRERO,2022,3599951
76,HIDALGO,2022,3190331
77,JALISCO,2022,8647986
78,MEXICO,2022,17379644
79,MICHOACAN,2022,4901506
80,MORELOS,2022,2017078
81,NAYARIT,2022,1278605
82,NUEVO LEON,2022,6095498
83,OAXACA,2022,4244538
84,PUEBLA,2022,6824785
85,QUERETARO,2022,2508214
86,QUINTANA ROO,2022,1977161
87,SAN LUIS POTOSI,2022,2905759
88,SINALOA,2022,3118470
89,SONORA,2022,3051188
90,TABASCO,2022,2447193
91,TAMAULIPAS,2022,3652671
92,TLAXCALA,2022,1395020
93,VERACRUZ,2022,8133233
94,YUCATAN,2022,2420401
95,ZACATECAS,2022,1667567
96,AGUASCALIENTES,2023,1510839
97,BAJA CALIFORNIA,2023,4010510
98,BAJA CALIFORNIA SUR,2023,867766
99,CAMPECHE,2023,950291
100,CHIAPAS,2023,5946352
101,CHIHUAHUA,2023,3947936
102,COAHUILA,2023,3316738
103,COLIMA,2023,757405
104,DISTRITO FEDERAL,2023,9221637
105,DURANGO,2023,1899457
106,GUANAJUATO,2023,6422483
107,GUERRERO,2023,3604215
108,HIDALGO,2023,3227801
109,JALISCO,2023,8735511
110,MEXICO,2023,17501220
111,MICHOACAN,2023,4950601
112,MORELOS,2023,2030857
113,NAYARIT,2023,1294124
114,NUEVO LEON,2023,6202153
115,OAXACA,2023,4276769
116,PUEBLA,2023,6907421
117,QUERETARO,2023,2557915
118,QUINTANA ROO,2023,2019606
119,SAN LUIS POTOSI,2023,2931052
120,SINALOA,2023,3142699
121,SONORA,2023,3081734
122,TABASCO,2023,2454787
123,TAMAULIPAS,2023,3685588
124,TLAXCALA,2023,1412895
125,VERACRUZ,2023,8131584
126,YUCATAN,2023,2452378
127,ZACATECAS,2023,1683013
128,AGUASCALIENTES,2024,1530185
129,BAJA CALIFORNIA,2024,4071872
130,BAJA CALIFORNIA SUR,2024,886050
131,CAMPECHE,2024,954659
132,CHIAPAS,2024,6028154
133,CHIHUAHUA,2024,3996504
134,COAHUILA,2024,3358991
135,COLIMA,2024,762387
136,DISTRITO FEDERAL,2024,9204018
137,DURANGO,2024,1913774
138,GUANAJUATO,2024,6481538
139,GUERRERO,2024,3606733
140,HIDALGO,2024,3264395
141,JALISCO,2024,8820915
142,MEXICO,2024,17616018
143,MICHOACAN,2024,4998654
144,MORELOS,2024,2043884
145,NAYARIT,2024,1309432
146,NUEVO LEON,2024,6308199
147,OAXACA,2024,4308543
148,PUEBLA,2024,6989402
149,QUERETARO,2024,2606698
150,QUINTANA ROO,2024,2061131
151,SAN LUIS POTOSI,2024,2955841
152,SINALOA,2024,3165686
153,SONORA,2024,3111704
154,TABASCO,2024,2461555
155,TAMAULIPAS,2024,3717618
156,TLAXCALA,2024,1430497
157,VERACRUZ,2024,8127727
158,YUCATAN,2024,2483400
159,ZACATECAS,2024,1698252
160,AGUASCALIENTES,2025,1549118
161,BAJA CALIFORNIA,2025,4131619
162,BAJA CALIFORNIA SUR,2025,904052
163,CAMPECHE,2025,958567
164,CHIAPAS,2025,6107903
165,CHIHUAHUA,2025,4043130
166,COAHUILA,2025,3400257
167,COLIMA,2025,767105
168,DISTRITO FEDERAL,2025,9183658
169,DURANGO,2025,1927128
170,GUANAJUATO,2025,6537669
171,GUERRERO,2025,3607434
172,HIDALGO,2025,3299857
173,JALISCO,2025,8903326
174,MEXICO,2025,17723173
175,MICHOACAN,2025,5045030
176,MORELOS,2025,2056103
177,NAYARIT,2025,1324282
178,NUEVO LEON,2025,6413123
179,OAXACA,2025,4339377
180,PUEBLA,2025,7070124
181,QUERETARO,2025,2654421
182,QUINTANA ROO,2025,2101638
183,SAN LUIS POTOSI,2025,2979775
184,SINALOA,2025,3187466
185,SONORA,2025,3140762
186,TABASCO,2025,2467519
187,TAMAULIPAS,2025,3748419
188,TLAXCALA,2025,1447721
189,VERACRUZ,2025,8121275
190,YUCATAN,2025,2513461
191,ZACATECAS,2025,1712936
192,AGUASCALIENTES,2026,1567559
193,BAJA CALIFORNIA,2026,4189285
194,BAJA CALIFORNIA SUR,2026,921734
195,CAMPECHE,2026,962014
196,CHIAPAS,2026,6185469
197,CHIHUAHUA,2026,4087306
198,COAHUILA,2026,3440385
199,COLIMA,2026,771538
200,DISTRITO FEDERAL,2026,9159966
201,DURANGO,2026,1939482
202,GUANAJUATO,2026,6590749
203,GUERRERO,2026,3606296
204,HIDALGO,2026,3334060
205,JALISCO,2026,8982027
206,MEXICO,2026,17822420
207,MICHOACAN,2026,5089383
208,MORELOS,2026,2067472
209,NAYARIT,2026,1338499
210,NUEVO LEON,2026,6516202
211,OAXACA,2026,4368997
212,PUEBLA,2026,7149139
213,QUERETARO,2026,2700978
214,QUINTANA ROO,2026,2141082
215,SAN LUIS POTOSI,2026,3002651
216,SINALOA,2026,3208039
217,SONORA,2026,3168624
218,TABASCO,2026,2472668
219,TAMAULIPAS,2026,3777472
220,TLAXCALA,2026,1464515
221,VERACRUZ,2026,8111813
222,YUCATAN,2026,2542536
223,ZACATECAS,2026,1726898
